{
  "Intercepto": -8.127746433631739,
  "TMHT_low": 3.35762145579294,
  "ULBT_III": 2.214390232850836,
  "ULBT_II": 0.7199688107279333,
  "Open_lt3": 2.0780488055132653,
  "History_DI": 3.067584209514387,
  "Mall_IV": 1.2746691699781585,
  "Mall_III": 0.8612066274302339,
  "TMD_lt6": 1.2303345611469956,
  "NeckMob_red": 1.246366533431585,
  "NC_TMD_gt5": 1.236013709401559,
  "Support_any": 0.6719487991964314,
  "DSE_high": 2.19570769047392,
  "Tongue_thick": 1.4281536485588713,
  "HMDR_abn": 1.320015511767861
}